slug,start,league,pin_match,pm_hc_team,pin_fav,aligned,pm_hc,pin_hc,pin_hc_pow,hc_overround,pm_hc_vol,pm_hc_spread,pm_over,pin_over,pin_over_pow,ou_overround,pm_tot_vol,pm_ml,pin_ml,pin_ml_pow,ml_overround
dota2-pckcp-jenz-2026-07-22,2026-07-25T10:00:00+00:00,Dota 2 - EPL Masters Play-In,Puckchamp vs Jenz,Team Jenz,Jenz,True,0.36,0.3785,0.3662,1.0654,1562.3001,0.06,0.48,0.4759,0.4733,1.0712,10,0.345,0.3645,0.3503,1.0676
cs2-dendel-faze-2026-07-25,2026-07-25T10:00:00+00:00,CS2 - BLAST Bounty Play-In,FaZe vs DENDELE,FaZe,FaZe,True,0.405,0.406,0.3991,1.0482,10977.7662,0.01,0.475,0.449,0.4447,1.0555,8725.3155,0.325,0.3214,0.3083,1.0477
mlbb-yg-pro-2026-07-25,2026-07-25T10:30:00+00:00,Mobile Legends - MSC,Yangon Galacticos vs PRO,Yangon Galacticos,Yangon Galacticos,True,0.43,0.3049,0.2792,1.0825,,0.38,0.47,0.4649,0.4611,1.0702,33.2556,0.505,0.5212,0.5235,1.0697
lol-tes-tt-2026-07-25,2026-07-25T11:00:00+00:00,League of Legends - LPL,Top Esports vs ThunderTalk,Top Esports,Top Esports,True,0.525,0.5342,0.5367,1.0473,31089.1046,0.01,0.39,0.3913,0.3812,1.0603,745.7434,0.805,0.7914,0.8209,1.063
val-ts3-t1-2026-07-25,2026-07-25T11:00:00+00:00,Valorant - Champions Tour: Pacific,Secret vs T1,T1,T1,True,0.46,0.498,0.4978,1.0697,10963.7606,0.02,0.415,0.4138,0.4045,1.0693,261.435,0.245,0.2371,0.2072,1.0707
val-tyloo-xlg-2026-07-25,2026-07-25T11:00:00+00:00,Valorant - Champions Tour: China,TYLOO vs XLG,XLG Gaming,XLG,True,0.32,0.3242,0.3046,1.071,836.2268,0.02,0.475,0.4808,0.4788,1.0701,906.5272,0.445,0.4254,0.4175,1.0684
lol-shg-tsw-2026-07-25,2026-07-25T11:30:00+00:00,League of Legends - LCP,Fukuoka SoftBank HAWKS vs Secret Whales,Team Secret Whales,Secret Whales,True,0.525,0.502,0.5022,1.0697,757.4157,0.01,0.405,0.4147,0.4016,1.0961,85.0941,0.215,0.2472,0.2097,1.0903
mlbb-onic-rort-2026-07-25,2026-07-25T12:00:00+00:00,Mobile Legends - MSC,ONIC vs Aurora,ONIC,ONIC,True,0.375,0.3875,0.3742,1.0754,15.625,0.05,0.44,0.447,0.4413,1.0703,32.9431,0.635,0.6297,0.6451,1.0758
cs2-tl1-g2-2026-07-25,2026-07-25T12:30:00+00:00,CS2 - BLAST Bounty Play-In,G2 vs Liquid,G2,G2,True,0.415,0.4013,0.3943,1.047,28256.1301,0.01,0.455,0.4401,0.4348,1.057,1605.4304,0.335,0.3314,0.3191,1.0478
dota2-dan-lvlup1-2026-07-25,2026-07-25T13:00:00+00:00,Dota 2 - EPL Masters Play-In,Dandelions vs Level UP,Level UP,Level UP,True,0.52,0.6202,0.6324,1.0659,,0.62,0.33,0.3419,0.3222,1.0791,,0.175,0.1574,0.1077,1.0841
cs2-aur1-echo-2026-07-25,2026-07-25T13:00:00+00:00,CS2 - StarLadder StarSeries Europe Qualifier,Aurora vs Echo,Aurora Gaming,Aurora,True,0.565,0.5704,0.5772,1.0629,1934.1908,0.01,0.36,0.3674,0.3517,1.0758,265.8592,0.805,0.8143,0.8583,1.0834
cs2-chama-odk-2026-07-25,2026-07-25T13:00:00+00:00,CS2 - CCT South America Series,BORRACHEIROS vs ODDIK,ODDIK,ODDIK,True,0.49,0.502,0.5022,1.0697,120.6202,0.02,0.395,0.4019,0.3908,1.0726,,0.225,0.2587,0.2236,1.089
mlbb-e7-tlph-2026-07-25,2026-07-25T13:30:00+00:00,Mobile Legends - MSC,Entity7 vs Liquid PH,Team Liquid PH,Liquid PH,True,0.585,0.6942,0.72,1.083,19.2308,0.33,0.4,0.2746,0.2428,1.0871,1.3699,0.055,0.1304,0.0657,1.0955
lol-vit-g2-2026-07-25,2026-07-25T14:00:00+00:00,League of Legends - LEC,G2 vs Vitality,G2 Esports,G2,True,0.585,0.5908,0.5976,1.049,40351.6092,0.01,0.345,0.3553,0.3375,1.0783,3240.7254,0.185,0.1727,0.1382,1.0643
cs2-enjoy-sawy-2026-07-25,2026-07-25T14:00:00+00:00,CS2 - CCT European Series 6 Qualifier,SAW Youngsters vs ENJOY,ENJOY,ENJOY,True,0.275,0.2926,0.2643,1.0849,110.4065,0.05,0.46,0.4698,0.4665,1.0696,,0.485,0.5,0.5,1.0698
val-pcfic-vit-2026-07-25,2026-07-25T15:00:00+00:00,Valorant - Champions Tour: EMEA,PCIFIC vs Vitality,Team Vitality,Vitality,True,0.66,0.6527,0.6637,1.0472,384.0388,0.02,0.29,0.3078,0.2937,1.0479,1005.6637,0.115,0.1184,0.0917,1.0427
cs2-hotu-ast10-2026-07-25,2026-07-25T15:00:00+00:00,CS2 - BLAST Bounty Play-In,Astralis vs HOTU,Astralis,Astralis,True,0.335,0.3458,0.3345,1.0479,1730.6002,0.03,0.47,0.4636,0.4605,1.0573,170.3242,0.395,0.3977,0.3903,1.0477
lol-fur-los-2026-07-25,2026-07-25T16:00:00+00:00,League of Legends - CBLOL,FURIA vs LOS,FURIA Esports,FURIA,True,0.305,0.2839,0.2646,1.0576,14.6774,0.01,0.48,0.4858,0.4843,1.0688,139.4263,0.515,0.5152,0.5163,1.0466
lol-kc-mkoi-2026-07-25,2026-07-25T17:00:00+00:00,League of Legends - LEC,Karmine Corp vs Movistar KOI,Karmine Corp,Karmine Corp,True,0.385,0.3883,0.3797,1.051,835.3868,0.01,0.455,0.4629,0.4589,1.0695,6.5217,0.665,0.6535,0.6661,1.0534
cs2-rustec-run2-2026-07-25,2026-07-25T17:00:00+00:00,CS2 - CCT European Series 5,ex-RUSTEC vs Rune Eaters,Rune Eaters,Rune Eaters,True,0.29,0.2959,0.2723,1.073,,0.02,0.465,0.4698,0.4665,1.0696,,0.505,0.4938,0.4932,1.0608
cs2-rgg-pg5-2026-07-25,2026-07-25T17:00:00+00:00,CS2 - CCT European Series 6 Qualifier,Privateer vs ROUNDS,Privateer Gaming,Privateer,True,0.385,0.3875,0.3742,1.0754,,0.11,0.45,0.4527,0.4475,1.0722,,0.365,0.372,0.3569,1.0753
cs2-fokus-mouz-2026-07-25,2026-07-25T17:30:00+00:00,CS2 - BLAST Bounty Play-In,MOUZ vs FOKUS,MOUZ,MOUZ,True,0.525,0.5412,0.5442,1.0479,14747.1093,0.01,0.385,0.3787,0.3682,1.0564,831.4512,0.205,0.1969,0.1753,1.0452
lol-lll-png1-2026-07-25,2026-07-25T18:00:00+00:00,League of Legends - CBLOL,LOUD vs paiN,LOUD,LOUD,True,0.385,0.3869,0.3782,1.0506,2316.3618,0.01,0.455,0.4629,0.4589,1.0695,,0.645,0.6506,0.6626,1.0522
val-ef-gx-2026-07-25,2026-07-25T18:00:00+00:00,Valorant - Champions Tour: EMEA,Eternal Fire vs GIANTX,Eternal Fire,Eternal Fire,True,0.4,0.3992,0.3919,1.048,1630.8147,0.02,0.465,0.4658,0.4633,1.0473,,0.665,0.6733,0.6861,1.0483
dota2-lynx-kw1-2026-07-25,2026-07-25T19:00:00+00:00,Dota 2 - EPL Masters Play-In,Lynx vs KW,Team Lynx,Lynx,True,0.285,0.2873,0.2621,1.0744,,0.11,0.635,0.496,0.4955,1.0697,,0.505,0.5197,0.5215,1.0614
cs2-fx-keyd-2026-07-25,2026-07-25T19:00:00+00:00,CS2 - CCT South America Series,Fluxo vs Keyd Stars,Fluxo,Fluxo,True,0.4,0.4829,0.481,1.0705,445.3741,0.24,0.455,0.4138,0.4039,1.0741,104.0724,0.685,0.728,0.7603,1.0875
lol-fly-ly-2026-07-25,2026-07-25T20:00:00+00:00,League of Legends - LCS,FlyQuest vs LYON,LYON,FlyQuest,False,0.195,,,1.0543,255.5644,0.01,0.485,0.4808,0.4788,1.0701,262.5307,0.575,0.5645,0.5692,1.0485
val-g21-c9-2026-07-25,2026-07-25T21:00:00+00:00,Valorant - Champions Tour: Americas,G2 vs Cloud9,G2 Esports,G2,True,0.525,0.5227,0.5243,1.0475,1162.6598,0.03,0.395,0.3977,0.3903,1.0477,,0.785,0.785,0.8063,1.0476
cs2-isg-bsta-2026-07-25,2026-07-25T22:00:00+00:00,CS2 - CCT South America Series,Isurus vs BESTIA Academy,Isurus,Isurus,True,0.385,0.3875,0.3742,1.0754,,0.03,0.45,0.4527,0.4475,1.0722,,0.645,0.628,0.6431,1.0753
lol-dig-sen-2026-07-25,2026-07-25T23:00:00+00:00,League of Legends - LCS,Dignitas vs Sentinels,Sentinels,Sentinels,True,0.605,0.586,0.5925,1.0502,798.0882,0.01,0.35,0.3614,0.3447,1.0766,185,0.145,0.1718,0.1373,1.0641
val-sen-loud-2026-07-25,2026-07-26T00:00:00+00:00,Valorant - Champions Tour: Americas,Sentinels vs LOUD,Sentinels,Sentinels,True,0.305,0.3182,0.3049,1.0476,,0.03,0.485,0.4817,0.4803,1.0483,2.0408,0.565,0.5674,0.5721,1.046
val-pr1-drx1-2026-07-26,2026-07-26T08:00:00+00:00,Valorant - Champions Tour: Pacific,Paper Rex vs DRX,Paper Rex,Paper Rex,True,0.455,0.4609,0.4567,1.0689,948.8932,0.01,0.42,0.4323,0.4249,1.0708,,0.725,0.7231,0.7484,1.0715
val-th1-kc3-2026-07-26,2026-07-26T18:00:00+00:00,Valorant - Champions Tour: EMEA,Heretics vs Karmine Corp,Team Heretics,Heretics,True,0.305,0.3201,0.3069,1.0482,,0.03,0.475,0.4805,0.4791,1.0459,,0.565,0.562,0.5664,1.0472
val-fur-mibr-2026-07-26,2026-07-27T00:00:00+00:00,Valorant - Champions Tour: Americas,FURIA vs MIBR,MIBR,MIBR,True,0.435,0.438,0.4336,1.0472,,0.03,0.435,0.4417,0.4375,1.048,,0.29,0.2955,0.2804,1.0478
